broker_code,broker_name,trading_symbol,quantity,signal,total_entry_exit,account_id
AM072,keynote,DEEPAKFERT,253.0,BUY,Total ENTRY,ACC_000319
AM072,keynote,GPTHEALTH,512.0,SELL,,ACC_000319
AM072,keynote,AXISBANK,21.0,SELL,,ACC_000319
AM072,keynote,KPIGREEN,14.0,SELL,,ACC_000319
AM072,keynote,GPTINFRA,403.0,SELL,,ACC_000319
AM072,keynote,PYRAMID,332.0,SELL,,ACC_000319
AM072,keynote,BBL,5.0,SELL,,ACC_000319
AM072,keynote,SPANDANA,274.0,SELL,,ACC_000319
AM072,keynote,LIQUIDBEES,145.0,SELL,Total EXIT,ACC_000319
PJ701,finflo,DEEPAKFERT,13.0,BUY,,ACC_000544
PJ701,finflo,GPTHEALTH,230.0,BUY,,ACC_000544
PJ701,finflo,AXISBANK,6.0,BUY,,ACC_000544
PJ701,finflo,VEDL,397.0,SELL,Total EXIT,ACC_000544
PJ701,finflo,GPTINFRA,827.0,BUY,,ACC_000544
PJ701,finflo,KPIGREEN,49.0,BUY,,ACC_000544
PJ701,finflo,PYRAMID,159.0,BUY,,ACC_000544
PJ701,finflo,MANGCHEFER,830.0,SELL,Total EXIT,ACC_000544
PJ701,finflo,BBL,3.0,BUY,,ACC_000544
PJ701,finflo,SPANDANA,170.0,BUY,,ACC_000544
KV014,keynote,DEEPAKFERT,106.0,SELL,,ACC_000385
KV014,keynote,GPTHEALTH,476.0,SELL,,ACC_000385
KV014,keynote,AXISBANK,20.0,SELL,,ACC_000385
KV014,keynote,GPTINFRA,282.0,SELL,,ACC_000385
KV014,keynote,KPIGREEN,1.0,SELL,,ACC_000385
KV014,keynote,PYRAMID,312.0,SELL,,ACC_000385
KV014,keynote,SPANDANA,149.0,SELL,,ACC_000385
KV014,keynote,BBL,41.0,BUY,Total ENTRY,ACC_000385
KV014,keynote,LIQUIDBEES,37.0,SELL,Total EXIT,ACC_000385
SJ081,keynote,DEEPAKFERT,92.0,SELL,,ACC_000320
SJ081,keynote,GPTHEALTH,356.0,SELL,,ACC_000320
SJ081,keynote,AXISBANK,13.0,SELL,,ACC_000320
SJ081,keynote,VEDL,108.0,BUY,,ACC_000320
SJ081,keynote,GPTINFRA,31.0,SELL,,ACC_000320
SJ081,keynote,KPIGREEN,20.0,BUY,,ACC_000320
SJ081,keynote,PYRAMID,239.0,SELL,,ACC_000320
SJ081,keynote,MANGCHEFER,305.0,SELL,,ACC_000320
SJ081,keynote,BBL,26.0,BUY,,ACC_000320
SJ081,keynote,SPANDANA,85.0,SELL,,ACC_000320
SJ081,keynote,VHLTD,1853.0,BUY,Total ENTRY,ACC_000320
SJ081,keynote,LIQUIDBEES,67.0,SELL,Total EXIT,ACC_000320
AS140,keynote,GPTINFRA,233.0,BUY,,ACC_000382
AS140,keynote,SHRIRAMFIN,37.0,BUY,,ACC_000382
AS140,keynote,SPANDANA,147.0,SELL,,ACC_000382
AS140,keynote,PNB,32.0,BUY,,ACC_000382
AS140,keynote,RECLTD,10.0,BUY,,ACC_000382
AS140,keynote,BANKBARODA,44.0,BUY,,ACC_000382
AS140,keynote,PFC,18.0,BUY,,ACC_000382
AS140,keynote,BHARTIARTL,2.0,BUY,,ACC_000382
VS097,keynote,GPTINFRA,71.0,BUY,,ACC_000379
VS097,keynote,SHRIRAMFIN,26.0,BUY,,ACC_000379
VS097,keynote,SPANDANA,42.0,SELL,,ACC_000379
VS097,keynote,PNB,71.0,BUY,,ACC_000379
VS097,keynote,RECLTD,28.0,BUY,,ACC_000379
VS097,keynote,LIQUIDBEES,13.0,SELL,Total EXIT,ACC_000379
VS097,keynote,BANKBARODA,15.0,BUY,,ACC_000379
VS097,keynote,PFC,31.0,BUY,,ACC_000379
VS097,keynote,BHARTIARTL,2.0,BUY,,ACC_000379
TWV350,zerodha,VEDL,897.0,BUY,,ACC_000307
TWV350,zerodha,SHRIRAMFIN,159.0,BUY,,ACC_000307
TWV350,zerodha,RECLTD,161.0,BUY,,ACC_000307
TWV350,zerodha,DEEPAKFERT,389.0,SELL,,ACC_000307
TWV350,zerodha,KPEL,234.0,SELL,Total EXIT,ACC_000307
TWV350,zerodha,AXISBANK,61.0,SELL,,ACC_000307
TWV350,zerodha,GPTINFRA,420.0,SELL,,ACC_000307
TWV350,zerodha,KPIGREEN,57.0,BUY,,ACC_000307
TWV350,zerodha,MANGCHEFER,1275.0,SELL,,ACC_000307
TWV350,zerodha,BBL,9.0,SELL,,ACC_000307
TWV350,zerodha,SPANDANA,421.0,SELL,,ACC_000307
TWV350,zerodha,PNB,339.0,BUY,,ACC_000307
TWV350,zerodha,VHLTD,1768.0,BUY,,ACC_000307
TWV350,zerodha,LIQUIDBEES,17.0,SELL,Total EXIT,ACC_000307
TWV350,zerodha,BHARTIARTL,4.0,BUY,,ACC_000307
TWV350,zerodha,GPTHEALTH,670.0,SELL,,ACC_000307
TWV350,zerodha,PYRAMID,1031.0,BUY,,ACC_000307
TWV350,zerodha,BANKBARODA,437.0,BUY,,ACC_000307
TWV350,zerodha,PFC,178.0,BUY,,ACC_000307
BLQ476,zerodha,VEDL,1650.0,BUY,,ACC_000308
BLQ476,zerodha,SHRIRAMFIN,56.0,BUY,,ACC_000308
BLQ476,zerodha,RECLTD,242.0,SELL,,ACC_000308
BLQ476,zerodha,DEEPAKFERT,2764.0,SELL,,ACC_000308
BLQ476,zerodha,AXISBANK,607.0,SELL,,ACC_000308
BLQ476,zerodha,GPTINFRA,27144.0,BUY,,ACC_000308
BLQ476,zerodha,KPIGREEN,753.0,SELL,,ACC_000308
BLQ476,zerodha,MANGCHEFER,8738.0,SELL,,ACC_000308
BLQ476,zerodha,BBL,175.0,SELL,,ACC_000308
BLQ476,zerodha,SPANDANA,8097.0,BUY,,ACC_000308
BLQ476,zerodha,PNB,1044.0,BUY,,ACC_000308
BLQ476,zerodha,VHLTD,10588.0,BUY,,ACC_000308
BLQ476,zerodha,LIQUIDBEES,10.0,SELL,Total EXIT,ACC_000308
BLQ476,zerodha,BHARTIARTL,208.0,SELL,,ACC_000308
BLQ476,zerodha,GPTHEALTH,16527.0,BUY,,ACC_000308
BLQ476,zerodha,PYRAMID,2249.0,SELL,,ACC_000308
BLQ476,zerodha,BANKBARODA,1186.0,SELL,,ACC_000308
BLQ476,zerodha,PFC,194.0,SELL,,ACC_000308
KM001,finflo,DEEPAKFERT,37.0,SELL,,ACC_000349
KM001,finflo,GPTHEALTH,67.0,SELL,,ACC_000349
KM001,finflo,AXISBANK,6.0,SELL,,ACC_000349
KM001,finflo,GPTINFRA,276.0,BUY,,ACC_000349
KM001,finflo,KPIGREEN,11.0,BUY,,ACC_000349
KM001,finflo,PYRAMID,1018.0,BUY,Total ENTRY,ACC_000349
KM001,finflo,BBL,3.0,SELL,,ACC_000349
KM001,finflo,SPANDANA,108.0,SELL,,ACC_000349
KM001,finflo,LIQUIDBEES,24.0,SELL,Total EXIT,ACC_000349
RB054,keynote,GPTINFRA,4.0,SELL,,ACC_000367
RB054,keynote,SHRIRAMFIN,31.0,BUY,,ACC_000367
RB054,keynote,SPANDANA,223.0,SELL,,ACC_000367
RB054,keynote,PNB,57.0,BUY,,ACC_000367
RB054,keynote,RECLTD,31.0,BUY,,ACC_000367
RB054,keynote,LIQUIDBEES,42.0,SELL,Total EXIT,ACC_000367
RB054,keynote,BANKBARODA,495.0,BUY,Total ENTRY,ACC_000367
RB054,keynote,PFC,35.0,BUY,,ACC_000367
RB054,keynote,BHARTIARTL,1.0,SELL,,ACC_000367
HD001,finflo,GPTINFRA,17.0,SELL,,ACC_000360
HD001,finflo,SHRIRAMFIN,9.0,BUY,,ACC_000360
HD001,finflo,SPANDANA,147.0,BUY,,ACC_000360
HD001,finflo,PNB,16.0,BUY,,ACC_000360
HD001,finflo,RECLTD,11.0,BUY,,ACC_000360
HD001,finflo,BANKBARODA,5.0,BUY,,ACC_000360
HD001,finflo,PFC,16.0,BUY,,ACC_000360
HD001,finflo,BHARTIARTL,1.0,BUY,,ACC_000360
GT005,keynote,DEEPAKFERT,95.0,SELL,,ACC_000375
GT005,keynote,GPTHEALTH,400.0,SELL,,ACC_000375
GT005,keynote,AXISBANK,105.0,BUY,Total ENTRY,ACC_000375
GT005,keynote,GPTINFRA,150.0,SELL,,ACC_000375
GT005,keynote,KPIGREEN,9.0,BUY,,ACC_000375
GT005,keynote,PYRAMID,265.0,SELL,,ACC_000375
GT005,keynote,SPANDANA,245.0,SELL,,ACC_000375
GT005,keynote,BBL,42.0,BUY,Total ENTRY,ACC_000375
GT005,keynote,VHLTD,162.0,SELL,Total EXIT,ACC_000375
GT005,keynote,LIQUIDBEES,65.0,SELL,Total EXIT,ACC_000375
VK064,keynote,GPTINFRA,2.0,BUY,,ACC_000331
VK064,keynote,SHRIRAMFIN,33.0,BUY,,ACC_000331
VK064,keynote,SPANDANA,221.0,SELL,,ACC_000331
VK064,keynote,PNB,60.0,BUY,,ACC_000331
VK064,keynote,RECLTD,31.0,BUY,,ACC_000331
VK064,keynote,LIQUIDBEES,72.0,SELL,Total EXIT,ACC_000331
VK064,keynote,BANKBARODA,498.0,BUY,Total ENTRY,ACC_000331
VK064,keynote,PFC,35.0,BUY,,ACC_000331
MB048,keynote,DEEPAKFERT,49.0,SELL,,ACC_000383
MB048,keynote,GPTHEALTH,195.0,SELL,,ACC_000383
MB048,keynote,AXISBANK,101.0,BUY,Total ENTRY,ACC_000383
MB048,keynote,VEDL,22.0,SELL,,ACC_000383
MB048,keynote,GPTINFRA,177.0,BUY,,ACC_000383
MB048,keynote,KPIGREEN,15.0,SELL,,ACC_000383
MB048,keynote,PYRAMID,606.0,SELL,,ACC_000383
MB048,keynote,MANGCHEFER,154.0,SELL,,ACC_000383
MB048,keynote,BBL,6.0,SELL,,ACC_000383
MB048,keynote,SPANDANA,56.0,SELL,,ACC_000383
MB048,keynote,VHLTD,1619.0,BUY,Total ENTRY,ACC_000383
YS008,keynote,GPTINFRA,3.0,BUY,,ACC_000394
YS008,keynote,SHRIRAMFIN,21.0,BUY,,ACC_000394
YS008,keynote,SPANDANA,64.0,SELL,,ACC_000394
YS008,keynote,PNB,40.0,BUY,,ACC_000394
YS008,keynote,RECLTD,21.0,BUY,,ACC_000394
YS008,keynote,LIQUIDBEES,60.0,SELL,Total EXIT,ACC_000394
YS008,keynote,BANKBARODA,319.0,BUY,Total ENTRY,ACC_000394
YS008,keynote,PFC,23.0,BUY,,ACC_000394
NS079,keynote,VEDL,25.0,SELL,,ACC_000314
NS079,keynote,SHRIRAMFIN,35.0,BUY,,ACC_000314
NS079,keynote,RECLTD,6.0,BUY,,ACC_000314
NS079,keynote,DEEPAKFERT,97.0,SELL,,ACC_000314
NS079,keynote,AXISBANK,32.0,SELL,,ACC_000314
NS079,keynote,GPTINFRA,203.0,BUY,,ACC_000314
NS079,keynote,KPIGREEN,18.0,SELL,,ACC_000314
NS079,keynote,MANGCHEFER,324.0,SELL,,ACC_000314
NS079,keynote,BBL,8.0,SELL,,ACC_000314
NS079,keynote,SPANDANA,41.0,SELL,,ACC_000314
NS079,keynote,PNB,5.0,BUY,,ACC_000314
NS079,keynote,VHLTD,2392.0,BUY,Total ENTRY,ACC_000314
NS079,keynote,BHARTIARTL,5.0,SELL,,ACC_000314
NS079,keynote,GPTHEALTH,313.0,SELL,,ACC_000314
NS079,keynote,PYRAMID,218.0,SELL,,ACC_000314
NS079,keynote,BANKBARODA,57.0,BUY,,ACC_000314
NS079,keynote,PFC,369.0,SELL,,ACC_000314
VS096,keynote,GPTINFRA,4.0,BUY,,ACC_000372
VS096,keynote,SHRIRAMFIN,19.0,BUY,,ACC_000372
VS096,keynote,SPANDANA,56.0,SELL,,ACC_000372
VS096,keynote,PNB,36.0,BUY,,ACC_000372
VS096,keynote,RECLTD,18.0,BUY,,ACC_000372
VS096,keynote,LIQUIDBEES,57.0,SELL,Total EXIT,ACC_000372
VS096,keynote,BANKBARODA,282.0,BUY,Total ENTRY,ACC_000372
VS096,keynote,PFC,20.0,BUY,,ACC_000372
KG024,keynote,VEDL,812.0,SELL,Total EXIT,ACC_000388
KG024,keynote,SHRIRAMFIN,736.0,BUY,,ACC_000388
KG024,keynote,RECLTD,1025.0,BUY,,ACC_000388
KG024,keynote,DEEPAKFERT,817.0,SELL,Total EXIT,ACC_000388
KG024,keynote,AXISBANK,253.0,SELL,Total EXIT,ACC_000388
KG024,keynote,GPTINFRA,6583.0,BUY,,ACC_000388
KG024,keynote,KPIGREEN,665.0,SELL,Total EXIT,ACC_000388
KG024,keynote,HDFCBANK,113.0,SELL,Total EXIT,ACC_000388
KG024,keynote,BBL,93.0,SELL,Total EXIT,ACC_000388
KG024,keynote,SPANDANA,2969.0,BUY,,ACC_000388
KG024,keynote,PNB,4149.0,BUY,,ACC_000388
KG024,keynote,LIQUIDBEES,292886.0,SELL,Total EXIT,ACC_000388
KG024,keynote,BHARTIARTL,217.0,BUY,,ACC_000388
KG024,keynote,GPTHEALTH,5338.0,SELL,Total EXIT,ACC_000388
KG024,keynote,PYRAMID,3319.0,SELL,Total EXIT,ACC_000388
KG024,keynote,BANKBARODA,1618.0,BUY,,ACC_000388
KG024,keynote,PFC,1066.0,BUY,,ACC_000388
BD027,keynote,VEDL,97.0,BUY,,ACC_000328
BD027,keynote,SHRIRAMFIN,38.0,BUY,,ACC_000328
BD027,keynote,RECLTD,39.0,BUY,,ACC_000328
BD027,keynote,DEEPAKFERT,5.0,SELL,,ACC_000328
BD027,keynote,AXISBANK,39.0,SELL,,ACC_000328
BD027,keynote,GPTINFRA,695.0,BUY,,ACC_000328
BD027,keynote,KPIGREEN,14.0,BUY,,ACC_000328
BD027,keynote,MANGCHEFER,319.0,SELL,,ACC_000328
BD027,keynote,BBL,12.0,BUY,,ACC_000328
BD027,keynote,SPANDANA,107.0,SELL,,ACC_000328
BD027,keynote,PNB,81.0,BUY,,ACC_000328
BD027,keynote,VHLTD,992.0,BUY,,ACC_000328
BD027,keynote,LIQUIDBEES,113.0,SELL,Total EXIT,ACC_000328
BD027,keynote,BHARTIARTL,5.0,BUY,,ACC_000328
BD027,keynote,GPTHEALTH,153.0,SELL,,ACC_000328
BD027,keynote,PYRAMID,265.0,SELL,,ACC_000328
BD027,keynote,BANKBARODA,73.0,SELL,,ACC_000328
BD027,keynote,PFC,44.0,BUY,,ACC_000328
RG003,other,DEEPAKFERT,237.0,BUY,Total ENTRY,ACC_000356
RG003,other,GPTHEALTH,1726.0,BUY,Total ENTRY,ACC_000356
RG003,other,AXISBANK,84.0,BUY,Total ENTRY,ACC_000356
RG003,other,VEDL,287.0,SELL,Total EXIT,ACC_000356
RG003,other,GPTINFRA,1205.0,BUY,,ACC_000356
RG003,other,KPIGREEN,262.0,BUY,Total ENTRY,ACC_000356
RG003,other,PYRAMID,1060.0,BUY,Total ENTRY,ACC_000356
RG003,other,MANGCHEFER,2871.0,SELL,Total EXIT,ACC_000356
RG003,other,SHRIRAMFIN,200.0,SELL,Total EXIT,ACC_000356
RG003,other,HDFCBANK,47.0,SELL,Total EXIT,ACC_000356
RG003,other,SPANDANA,308.0,BUY,,ACC_000356
RG003,other,PNB,880.0,SELL,Total EXIT,ACC_000356
RG003,other,RECLTD,263.0,SELL,Total EXIT,ACC_000356
RG003,other,BBL,33.0,BUY,Total ENTRY,ACC_000356
RG003,other,BANKBARODA,413.0,SELL,Total EXIT,ACC_000356
RG003,other,PFC,210.0,SELL,Total EXIT,ACC_000356
RG003,other,BHARTIARTL,79.0,SELL,Total EXIT,ACC_000356
DS069,keynote,VEDL,123.0,BUY,,ACC_000332
DS069,keynote,SHRIRAMFIN,49.0,BUY,,ACC_000332
DS069,keynote,RECLTD,48.0,BUY,,ACC_000332
DS069,keynote,DEEPAKFERT,151.0,SELL,,ACC_000332
DS069,keynote,AXISBANK,22.0,SELL,,ACC_000332
DS069,keynote,GPTINFRA,222.0,SELL,,ACC_000332
DS069,keynote,KPIGREEN,12.0,BUY,,ACC_000332
DS069,keynote,MANGCHEFER,446.0,SELL,,ACC_000332
DS069,keynote,BBL,4.0,SELL,,ACC_000332
DS069,keynote,SPANDANA,163.0,SELL,,ACC_000332
DS069,keynote,PNB,87.0,BUY,,ACC_000332
DS069,keynote,VHLTD,2405.0,BUY,Total ENTRY,ACC_000332
DS069,keynote,LIQUIDBEES,309.0,SELL,Total EXIT,ACC_000332
DS069,keynote,BHARTIARTL,1.0,SELL,,ACC_000332
DS069,keynote,GPTHEALTH,2796.0,BUY,,ACC_000332
DS069,keynote,PYRAMID,534.0,SELL,,ACC_000332
DS069,keynote,BANKBARODA,100.0,SELL,,ACC_000332
DS069,keynote,PFC,54.0,BUY,,ACC_000332
JS054,keynote,DEEPAKFERT,100.0,SELL,,ACC_000380
JS054,keynote,GPTHEALTH,441.0,SELL,,ACC_000380
JS054,keynote,AXISBANK,102.0,BUY,Total ENTRY,ACC_000380
JS054,keynote,GPTINFRA,231.0,SELL,,ACC_000380
JS054,keynote,KPIGREEN,3.0,BUY,,ACC_000380
JS054,keynote,PYRAMID,291.0,SELL,,ACC_000380
JS054,keynote,SPANDANA,258.0,SELL,,ACC_000380
JS054,keynote,BBL,41.0,BUY,Total ENTRY,ACC_000380
JS054,keynote,LIQUIDBEES,34.0,SELL,Total EXIT,ACC_000380
XXS667,zerodha,DEEPAKFERT,93.0,SELL,,ACC_000304
XXS667,zerodha,GPTHEALTH,409.0,SELL,,ACC_000304
XXS667,zerodha,AXISBANK,16.0,SELL,,ACC_000304
XXS667,zerodha,GPTINFRA,1285.0,BUY,,ACC_000304
XXS667,zerodha,KPIGREEN,3.0,BUY,,ACC_000304
XXS667,zerodha,PYRAMID,46.0,SELL,,ACC_000304
XXS667,zerodha,BBL,3.0,SELL,,ACC_000304
XXS667,zerodha,SPANDANA,247.0,SELL,,ACC_000304
XXS667,zerodha,LIQUIDBEES,1.0,SELL,Total EXIT,ACC_000304
HB011,keynote,DEEPAKFERT,60.0,SELL,,ACC_000376
HB011,keynote,GPTHEALTH,31.0,BUY,,ACC_000376
HB011,keynote,AXISBANK,76.0,BUY,Total ENTRY,ACC_000376
HB011,keynote,GPTINFRA,96.0,SELL,,ACC_000376
HB011,keynote,KPIGREEN,236.0,BUY,Total ENTRY,ACC_000376
HB011,keynote,PYRAMID,956.0,BUY,Total ENTRY,ACC_000376
HB011,keynote,SPANDANA,220.0,SELL,,ACC_000376
HB011,keynote,BBL,30.0,BUY,Total ENTRY,ACC_000376
HB011,keynote,LIQUIDBEES,273.0,SELL,Total EXIT,ACC_000376
PS093,keynote,GPTINFRA,52.0,BUY,,ACC_000535
PS093,keynote,SHRIRAMFIN,5.0,BUY,,ACC_000535
PS093,keynote,SPANDANA,26.0,SELL,,ACC_000535
PS093,keynote,PNB,15.0,SELL,,ACC_000535
PS093,keynote,RECLTD,3.0,SELL,,ACC_000535
PS093,keynote,BANKBARODA,11.0,SELL,,ACC_000535
PS093,keynote,BHARTIARTL,2.0,SELL,,ACC_000535
VD029,keynote,GPTINFRA,7.0,SELL,,ACC_000351
VD029,keynote,MANGCHEFER,1.0,SELL,Total EXIT,ACC_000351
VD029,keynote,SHRIRAMFIN,27.0,BUY,,ACC_000351
VD029,keynote,SPANDANA,90.0,SELL,,ACC_000351
VD029,keynote,PNB,48.0,BUY,,ACC_000351
VD029,keynote,RECLTD,27.0,BUY,,ACC_000351
VD029,keynote,LIQUIDBEES,72.0,SELL,Total EXIT,ACC_000351
VD029,keynote,BANKBARODA,429.0,BUY,Total ENTRY,ACC_000351
VD029,keynote,PFC,29.0,BUY,,ACC_000351
UG009,keynote,GPTINFRA,12.0,BUY,,ACC_000397
UG009,keynote,SHRIRAMFIN,33.0,BUY,,ACC_000397
UG009,keynote,SPANDANA,96.0,SELL,,ACC_000397
UG009,keynote,PNB,64.0,BUY,,ACC_000397
UG009,keynote,RECLTD,32.0,BUY,,ACC_000397
UG009,keynote,LIQUIDBEES,91.0,SELL,Total EXIT,ACC_000397
UG009,keynote,BANKBARODA,494.0,BUY,Total ENTRY,ACC_000397
UG009,keynote,PFC,36.0,BUY,,ACC_000397
UG009,keynote,BHARTIARTL,1.0,BUY,,ACC_000397
MK100,keynote,VEDL,872.0,BUY,,ACC_000303
MK100,keynote,SHRIRAMFIN,352.0,BUY,,ACC_000303
MK100,keynote,RECLTD,352.0,BUY,,ACC_000303
MK100,keynote,DEEPAKFERT,1084.0,SELL,,ACC_000303
MK100,keynote,AXISBANK,141.0,SELL,,ACC_000303
MK100,keynote,GPTINFRA,1088.0,SELL,,ACC_000303
MK100,keynote,KPIGREEN,353.0,SELL,,ACC_000303
MK100,keynote,MANGCHEFER,2909.0,SELL,,ACC_000303
MK100,keynote,BBL,22.0,SELL,,ACC_000303
MK100,keynote,SPANDANA,986.0,SELL,,ACC_000303
MK100,keynote,PNB,718.0,BUY,,ACC_000303
MK100,keynote,VHLTD,4817.0,BUY,,ACC_000303
MK100,keynote,LIQUIDBEES,1083.0,SELL,Total EXIT,ACC_000303
MK100,keynote,BHARTIARTL,6.0,BUY,,ACC_000303
MK100,keynote,GPTHEALTH,18930.0,BUY,,ACC_000303
MK100,keynote,PYRAMID,2428.0,SELL,,ACC_000303
MK100,keynote,BANKBARODA,70.0,BUY,,ACC_000303
MK100,keynote,PFC,390.0,BUY,,ACC_000303
RG027,keynote,DEEPAKFERT,77.0,SELL,,ACC_000363
RG027,keynote,GPTHEALTH,335.0,SELL,,ACC_000363
RG027,keynote,AXISBANK,79.0,BUY,Total ENTRY,ACC_000363
RG027,keynote,GPTINFRA,169.0,SELL,,ACC_000363
RG027,keynote,KPIGREEN,3.0,BUY,,ACC_000363
RG027,keynote,PYRAMID,221.0,SELL,,ACC_000363
RG027,keynote,SPANDANA,101.0,SELL,,ACC_000363
RG027,keynote,BBL,31.0,BUY,Total ENTRY,ACC_000363
RG027,keynote,VHLTD,240.0,SELL,Total EXIT,ACC_000363
RG027,keynote,LIQUIDBEES,34.0,SELL,Total EXIT,ACC_000363
BD029,keynote,GPTINFRA,1.0,BUY,,ACC_000346
BD029,keynote,SHRIRAMFIN,32.0,BUY,,ACC_000346
BD029,keynote,SPANDANA,216.0,SELL,,ACC_000346
BD029,keynote,PNB,58.0,BUY,,ACC_000346
BD029,keynote,RECLTD,31.0,BUY,,ACC_000346
BD029,keynote,LIQUIDBEES,33.0,SELL,Total EXIT,ACC_000346
BD029,keynote,BANKBARODA,484.0,BUY,Total ENTRY,ACC_000346
BD029,keynote,PFC,34.0,BUY,,ACC_000346
BD029,keynote,BHARTIARTL,1.0,SELL,,ACC_000346
PP079,keynote,DEEPAKFERT,79.0,SELL,,ACC_000345
PP079,keynote,GPTHEALTH,341.0,SELL,,ACC_000345
PP079,keynote,AXISBANK,82.0,BUY,Total ENTRY,ACC_000345
PP079,keynote,GPTINFRA,167.0,SELL,,ACC_000345
PP079,keynote,KPIGREEN,3.0,BUY,,ACC_000345
PP079,keynote,PYRAMID,225.0,SELL,,ACC_000345
PP079,keynote,SPANDANA,102.0,SELL,,ACC_000345
PP079,keynote,BBL,32.0,BUY,Total ENTRY,ACC_000345
PP079,keynote,VHLTD,220.0,SELL,Total EXIT,ACC_000345
PP079,keynote,LIQUIDBEES,33.0,SELL,Total EXIT,ACC_000345
TS020,keynote,VEDL,2.0,BUY,,ACC_000322
TS020,keynote,SHRIRAMFIN,41.0,BUY,,ACC_000322
TS020,keynote,RECLTD,18.0,BUY,,ACC_000322
TS020,keynote,DEEPAKFERT,85.0,SELL,,ACC_000322
TS020,keynote,AXISBANK,10.0,SELL,,ACC_000322
TS020,keynote,GPTINFRA,127.0,BUY,,ACC_000322
TS020,keynote,KPIGREEN,1.0,BUY,,ACC_000322
TS020,keynote,MANGCHEFER,284.0,SELL,,ACC_000322
TS020,keynote,BBL,5.0,SELL,,ACC_000322
TS020,keynote,SPANDANA,195.0,SELL,,ACC_000322
TS020,keynote,PNB,56.0,BUY,,ACC_000322
TS020,keynote,VHLTD,2009.0,BUY,Total ENTRY,ACC_000322
TS020,keynote,LIQUIDBEES,4.0,SELL,Total EXIT,ACC_000322
TS020,keynote,BHARTIARTL,2.0,BUY,,ACC_000322
TS020,keynote,GPTHEALTH,290.0,SELL,,ACC_000322
TS020,keynote,PYRAMID,200.0,SELL,,ACC_000322
TS020,keynote,BANKBARODA,7.0,BUY,,ACC_000322
TS020,keynote,PFC,29.0,BUY,,ACC_000322
BD024,keynote,VEDL,160.0,BUY,,ACC_000317
BD024,keynote,SHRIRAMFIN,265.0,SELL,,ACC_000317
BD024,keynote,RECLTD,65.0,BUY,,ACC_000317
BD024,keynote,DEEPAKFERT,134.0,SELL,,ACC_000317
BD024,keynote,AXISBANK,82.0,SELL,,ACC_000317
BD024,keynote,GPTINFRA,776.0,BUY,,ACC_000317
BD024,keynote,KPIGREEN,114.0,BUY,,ACC_000317
BD024,keynote,MANGCHEFER,528.0,SELL,,ACC_000317
BD024,keynote,BBL,19.0,BUY,,ACC_000317
BD024,keynote,SPANDANA,177.0,SELL,,ACC_000317
BD024,keynote,PNB,134.0,BUY,,ACC_000317
BD024,keynote,VHLTD,2973.0,BUY,Total ENTRY,ACC_000317
BD024,keynote,LIQUIDBEES,57.0,SELL,Total EXIT,ACC_000317
BD024,keynote,BHARTIARTL,2.0,BUY,,ACC_000317
BD024,keynote,GPTHEALTH,93.0,SELL,,ACC_000317
BD024,keynote,PYRAMID,439.0,SELL,,ACC_000317
BD024,keynote,BANKBARODA,143.0,BUY,,ACC_000317
BD024,keynote,PFC,72.0,BUY,,ACC_000317
MS002,finflo,DEEPAKFERT,124.0,SELL,,ACC_000352
MS002,finflo,GPTHEALTH,372.0,BUY,,ACC_000352
MS002,finflo,AXISBANK,7.0,BUY,,ACC_000352
MS002,finflo,GPTINFRA,461.0,SELL,,ACC_000352
MS002,finflo,KPIGREEN,15.0,SELL,,ACC_000352
MS002,finflo,PYRAMID,236.0,BUY,,ACC_000352
MS002,finflo,BBL,6.0,SELL,,ACC_000352
MS002,finflo,SPANDANA,201.0,SELL,,ACC_000352
MS002,finflo,VHLTD,1118.0,SELL,Total EXIT,ACC_000352
MS002,finflo,LIQUIDBEES,5.0,SELL,Total EXIT,ACC_000352
KS002,finflo,GPTINFRA,67.0,SELL,,ACC_000350
KS002,finflo,SHRIRAMFIN,7.0,BUY,,ACC_000350
KS002,finflo,SPANDANA,347.0,BUY,Total ENTRY,ACC_000350
KS002,finflo,PNB,8.0,SELL,,ACC_000350
KS002,finflo,RECLTD,5.0,BUY,,ACC_000350
KS002,finflo,LIQUIDBEES,43.0,SELL,Total EXIT,ACC_000350
KS002,finflo,BANKBARODA,11.0,SELL,,ACC_000350
KS002,finflo,PFC,6.0,BUY,,ACC_000350
KS002,finflo,BHARTIARTL,2.0,SELL,,ACC_000350
YB001,other,DEEPAKFERT,94.0,SELL,,ACC_000378
YB001,other,GPTHEALTH,58.0,BUY,,ACC_000378
YB001,other,AXISBANK,16.0,SELL,,ACC_000378
YB001,other,GPTINFRA,165.0,BUY,,ACC_000378
YB001,other,KPIGREEN,5.0,BUY,,ACC_000378
YB001,other,PYRAMID,235.0,BUY,,ACC_000378
YB001,other,BBL,3.0,SELL,,ACC_000378
YB001,other,SPANDANA,138.0,SELL,,ACC_000378
YB001,other,VHLTD,848.0,SELL,Total EXIT,ACC_000378
YB001,other,LIQUIDBEES,1.0,SELL,Total EXIT,ACC_000378
PS092,keynote,GPTINFRA,15.0,BUY,,ACC_000529
PS092,keynote,SHRIRAMFIN,2.0,BUY,,ACC_000529
PS092,keynote,SPANDANA,20.0,SELL,,ACC_000529
PS092,keynote,BANKBARODA,1.0,SELL,,ACC_000529
PS092,keynote,PFC,1.0,BUY,,ACC_000529
ST078,keynote,GPTINFRA,4.0,SELL,,ACC_000384
ST078,keynote,SHRIRAMFIN,20.0,BUY,,ACC_000384
ST078,keynote,SPANDANA,145.0,SELL,,ACC_000384
ST078,keynote,PNB,37.0,BUY,,ACC_000384
ST078,keynote,RECLTD,19.0,BUY,,ACC_000384
ST078,keynote,LIQUIDBEES,28.0,SELL,Total EXIT,ACC_000384
ST078,keynote,BANKBARODA,319.0,BUY,Total ENTRY,ACC_000384
ST078,keynote,PFC,22.0,BUY,,ACC_000384
MS001,other,DEEPAKFERT,894.0,SELL,,ACC_000333
MS001,other,GPTHEALTH,5492.0,SELL,,ACC_000333
MS001,other,AXISBANK,255.0,SELL,,ACC_000333
MS001,other,GPTINFRA,9757.0,BUY,,ACC_000333
MS001,other,KPIGREEN,592.0,SELL,,ACC_000333
MS001,other,PYRAMID,3441.0,SELL,,ACC_000333
MS001,other,BBL,90.0,SELL,,ACC_000333
MS001,other,SPANDANA,3956.0,BUY,,ACC_000333
CK012,keynote,VEDL,7.0,SELL,,ACC_000315
CK012,keynote,SHRIRAMFIN,42.0,BUY,,ACC_000315
CK012,keynote,RECLTD,47.0,BUY,,ACC_000315
CK012,keynote,DEEPAKFERT,36.0,SELL,,ACC_000315
CK012,keynote,AXISBANK,9.0,SELL,,ACC_000315
CK012,keynote,GPTINFRA,28.0,BUY,,ACC_000315
CK012,keynote,KPIGREEN,24.0,BUY,,ACC_000315
CK012,keynote,MANGCHEFER,267.0,SELL,,ACC_000315
CK012,keynote,BBL,5.0,SELL,,ACC_000315
CK012,keynote,SPANDANA,193.0,SELL,,ACC_000315
CK012,keynote,PNB,120.0,BUY,,ACC_000315
CK012,keynote,VHLTD,1719.0,BUY,Total ENTRY,ACC_000315
CK012,keynote,LIQUIDBEES,109.0,SELL,Total EXIT,ACC_000315
CK012,keynote,BHARTIARTL,1.0,BUY,,ACC_000315
CK012,keynote,GPTHEALTH,298.0,SELL,,ACC_000315
CK012,keynote,PYRAMID,202.0,SELL,,ACC_000315
CK012,keynote,BANKBARODA,25.0,BUY,,ACC_000315
CK012,keynote,PFC,52.0,BUY,,ACC_000315
PR030,keynote,VEDL,118.0,BUY,,ACC_000321
PR030,keynote,SHRIRAMFIN,47.0,BUY,,ACC_000321
PR030,keynote,RECLTD,47.0,BUY,,ACC_000321
PR030,keynote,DEEPAKFERT,117.0,SELL,,ACC_000321
PR030,keynote,AXISBANK,53.0,SELL,,ACC_000321
PR030,keynote,GPTINFRA,192.0,SELL,,ACC_000321
PR030,keynote,KPIGREEN,13.0,BUY,,ACC_000321
PR030,keynote,MANGCHEFER,416.0,SELL,,ACC_000321
PR030,keynote,BBL,18.0,BUY,,ACC_000321
PR030,keynote,SPANDANA,148.0,SELL,,ACC_000321
PR030,keynote,PNB,88.0,BUY,,ACC_000321
PR030,keynote,VHLTD,2266.0,BUY,Total ENTRY,ACC_000321
PR030,keynote,GPTHEALTH,47.0,SELL,,ACC_000321
PR030,keynote,PYRAMID,353.0,SELL,,ACC_000321
PR030,keynote,BANKBARODA,5.0,BUY,,ACC_000321
PR030,keynote,PFC,51.0,BUY,,ACC_000321
AS139,keynote,DEEPAKFERT,81.0,SELL,,ACC_000318
AS139,keynote,GPTHEALTH,320.0,SELL,,ACC_000318
AS139,keynote,AXISBANK,97.0,BUY,,ACC_000318
AS139,keynote,VEDL,89.0,BUY,,ACC_000318
AS139,keynote,GPTINFRA,55.0,SELL,,ACC_000318
AS139,keynote,KPIGREEN,15.0,BUY,,ACC_000318
AS139,keynote,PYRAMID,214.0,SELL,,ACC_000318
AS139,keynote,MANGCHEFER,267.0,SELL,,ACC_000318
AS139,keynote,BBL,1.0,SELL,,ACC_000318
AS139,keynote,SPANDANA,81.0,SELL,,ACC_000318
AS139,keynote,VHLTD,1573.0,BUY,Total ENTRY,ACC_000318
AS139,keynote,LIQUIDBEES,173.0,SELL,Total EXIT,ACC_000318
RG006,other,GPTINFRA,204.0,BUY,,ACC_000390
RG006,other,SHRIRAMFIN,3.0,SELL,,ACC_000390
RG006,other,HDFCBANK,43.0,SELL,Total EXIT,ACC_000390
RG006,other,PNB,153.0,BUY,,ACC_000390
RG006,other,RECLTD,32.0,BUY,,ACC_000390
RG006,other,BANKBARODA,24.0,BUY,,ACC_000390
RG006,other,PFC,60.0,BUY,,ACC_000390
RG006,other,BHARTIARTL,13.0,SELL,,ACC_000390
JS055,keynote,DEEPAKFERT,80.0,SELL,,ACC_000530
JS055,keynote,GPTHEALTH,318.0,SELL,,ACC_000530
JS055,keynote,AXISBANK,12.0,SELL,,ACC_000530
JS055,keynote,VEDL,235.0,BUY,,ACC_000530
JS055,keynote,GPTINFRA,50.0,SELL,,ACC_000530
JS055,keynote,KPIGREEN,16.0,BUY,,ACC_000530
JS055,keynote,PYRAMID,200.0,SELL,,ACC_000530
JS055,keynote,MANGCHEFER,267.0,SELL,,ACC_000530
JS055,keynote,BBL,1.0,SELL,,ACC_000530
JS055,keynote,SPANDANA,176.0,SELL,,ACC_000530
JS055,keynote,VHLTD,1577.0,BUY,Total ENTRY,ACC_000530
JS055,keynote,LIQUIDBEES,1.0,SELL,Total EXIT,ACC_000530
YM007,keynote,GPTINFRA,3.0,SELL,,ACC_000386
YM007,keynote,SHRIRAMFIN,33.0,BUY,,ACC_000386
YM007,keynote,SPANDANA,232.0,SELL,,ACC_000386
YM007,keynote,PNB,60.0,BUY,,ACC_000386
YM007,keynote,RECLTD,32.0,BUY,,ACC_000386
YM007,keynote,LIQUIDBEES,59.0,SELL,Total EXIT,ACC_000386
YM007,keynote,BANKBARODA,516.0,BUY,Total ENTRY,ACC_000386
YM007,keynote,PFC,36.0,BUY,,ACC_000386
GN011,keynote,VEDL,105.0,BUY,,ACC_000358
GN011,keynote,SHRIRAMFIN,41.0,BUY,,ACC_000358
GN011,keynote,RECLTD,37.0,BUY,,ACC_000358
GN011,keynote,DEEPAKFERT,134.0,SELL,,ACC_000358
GN011,keynote,AXISBANK,43.0,SELL,,ACC_000358
GN011,keynote,GPTINFRA,3110.0,BUY,,ACC_000358
GN011,keynote,KPIGREEN,5.0,BUY,,ACC_000358
GN011,keynote,MANGCHEFER,437.0,SELL,,ACC_000358
GN011,keynote,BBL,5.0,SELL,,ACC_000358
GN011,keynote,SPANDANA,177.0,SELL,,ACC_000358
GN011,keynote,PNB,52.0,BUY,,ACC_000358
GN011,keynote,VHLTD,1703.0,BUY,,ACC_000358
GN011,keynote,LIQUIDBEES,120.0,SELL,Total EXIT,ACC_000358
GN011,keynote,BHARTIARTL,2.0,SELL,,ACC_000358
GN011,keynote,GPTHEALTH,588.0,SELL,,ACC_000358
GN011,keynote,PYRAMID,387.0,SELL,,ACC_000358
GN011,keynote,BANKBARODA,111.0,SELL,,ACC_000358
GN011,keynote,PFC,43.0,BUY,,ACC_000358
KS003,other,DEEPAKFERT,63.0,SELL,,ACC_000334
KS003,other,GPTHEALTH,2424.0,BUY,Total ENTRY,ACC_000334
KS003,other,AXISBANK,118.0,BUY,Total ENTRY,ACC_000334
KS003,other,VEDL,193.0,SELL,,ACC_000334
KS003,other,GPTINFRA,1059.0,BUY,,ACC_000334
KS003,other,KPIGREEN,134.0,BUY,,ACC_000334
KS003,other,PYRAMID,1489.0,BUY,Total ENTRY,ACC_000334
KS003,other,MANGCHEFER,1954.0,SELL,,ACC_000334
KS003,other,GICRE,180.0,SELL,Total EXIT,ACC_000334
KS003,other,SHRIRAMFIN,400.0,SELL,Total EXIT,ACC_000334
KS003,other,HDFCBANK,78.0,SELL,Total EXIT,ACC_000334
KS003,other,BBL,47.0,BUY,Total ENTRY,ACC_000334
KS003,other,SPANDANA,1213.0,BUY,Total ENTRY,ACC_000334
KS003,other,RECLTD,432.0,SELL,Total EXIT,ACC_000334
KS003,other,VHLTD,1905.0,BUY,Total ENTRY,ACC_000334
KS003,other,BANKBARODA,687.0,SELL,Total EXIT,ACC_000334
KS003,other,BHARTIARTL,292.0,SELL,Total EXIT,ACC_000334
NT020,keynote,DEEPAKFERT,67.0,SELL,,ACC_000341
NT020,keynote,GPTHEALTH,290.0,SELL,,ACC_000341
NT020,keynote,AXISBANK,70.0,BUY,Total ENTRY,ACC_000341
NT020,keynote,GPTINFRA,138.0,SELL,,ACC_000341
NT020,keynote,KPIGREEN,3.0,BUY,,ACC_000341
NT020,keynote,PYRAMID,192.0,SELL,,ACC_000341
NT020,keynote,SPANDANA,175.0,SELL,,ACC_000341
NT020,keynote,BBL,28.0,BUY,Total ENTRY,ACC_000341
NT020,keynote,LIQUIDBEES,33.0,SELL,Total EXIT,ACC_000341
TK008,keynote,DEEPAKFERT,254.0,BUY,Total ENTRY,ACC_000324
TK008,keynote,GPTHEALTH,3622.0,SELL,,ACC_000324
TK008,keynote,AXISBANK,90.0,BUY,Total ENTRY,ACC_000324
TK008,keynote,VEDL,411.0,BUY,Total ENTRY,ACC_000324
TK008,keynote,GPTINFRA,1016.0,SELL,,ACC_000324
TK008,keynote,KPIGREEN,59.0,SELL,,ACC_000324
TK008,keynote,PYRAMID,566.0,SELL,,ACC_000324
TK008,keynote,MANGCHEFER,750.0,BUY,Total ENTRY,ACC_000324
TK008,keynote,BBL,12.0,SELL,,ACC_000324
TK008,keynote,SPANDANA,493.0,SELL,,ACC_000324
TK008,keynote,VHLTD,1457.0,BUY,Total ENTRY,ACC_000324
TK008,keynote,LIQUIDBEES,95.0,SELL,Total EXIT,ACC_000324
KV001,finflo,GPTINFRA,171.0,BUY,Total ENTRY,ACC_000348
KV001,finflo,SHRIRAMFIN,12.0,BUY,Total ENTRY,ACC_000348
KV001,finflo,SPANDANA,61.0,BUY,Total ENTRY,ACC_000348
KV001,finflo,PNB,76.0,BUY,Total ENTRY,ACC_000348
KV001,finflo,RECLTD,18.0,BUY,Total ENTRY,ACC_000348
KV001,finflo,BANKBARODA,30.0,BUY,Total ENTRY,ACC_000348
KV001,finflo,PFC,192.0,SELL,,ACC_000348
KV001,finflo,BHARTIARTL,4.0,BUY,Total ENTRY,ACC_000348
BS066,keynote,DEEPAKFERT,218.0,BUY,Total ENTRY,ACC_000373
BS066,keynote,GPTHEALTH,380.0,SELL,,ACC_000373
BS066,keynote,AXISBANK,78.0,BUY,Total ENTRY,ACC_000373
BS066,keynote,PYRAMID,248.0,SELL,,ACC_000373
BS066,keynote,GPTINFRA,247.0,SELL,,ACC_000373
BS066,keynote,KPIGREEN,4.0,SELL,,ACC_000373
BS066,keynote,SPANDANA,123.0,SELL,,ACC_000373
BS066,keynote,BBL,31.0,BUY,Total ENTRY,ACC_000373
BS066,keynote,VHLTD,1062.0,SELL,Total EXIT,ACC_000373
BS066,keynote,LIQUIDBEES,283.0,SELL,Total EXIT,ACC_000373
DJ001,finflo,GPTINFRA,20.0,BUY,,ACC_000365
DJ001,finflo,SHRIRAMFIN,34.0,BUY,,ACC_000365
DJ001,finflo,SPANDANA,96.0,SELL,,ACC_000365
DJ001,finflo,PNB,71.0,BUY,,ACC_000365
DJ001,finflo,RECLTD,92.0,BUY,,ACC_000365
DJ001,finflo,LIQUIDBEES,49.0,SELL,Total EXIT,ACC_000365
DJ001,finflo,BANKBARODA,34.0,BUY,,ACC_000365
DJ001,finflo,PFC,80.0,BUY,,ACC_000365
DJ001,finflo,BHARTIARTL,2.0,BUY,,ACC_000365
JS001,other,DEEPAKFERT,1039.0,SELL,,ACC_000316
JS001,other,GPTHEALTH,5646.0,SELL,,ACC_000316
JS001,other,AXISBANK,200.0,SELL,,ACC_000316
JS001,other,GPTINFRA,12026.0,BUY,,ACC_000316
JS001,other,KPIGREEN,428.0,SELL,,ACC_000316
JS001,other,PYRAMID,3659.0,SELL,,ACC_000316
JS001,other,BBL,129.0,SELL,,ACC_000316
JS001,other,SPANDANA,3052.0,BUY,,ACC_000316
KS070,keynote,GPTINFRA,19.0,BUY,,ACC_000545
KS070,keynote,SHRIRAMFIN,13.0,BUY,,ACC_000545
KS070,keynote,SPANDANA,58.0,SELL,,ACC_000545
KS070,keynote,PNB,11.0,SELL,,ACC_000545
KS070,keynote,RECLTD,1.0,SELL,,ACC_000545
KS070,keynote,BANKBARODA,5.0,SELL,,ACC_000545
KS070,keynote,PFC,2.0,BUY,,ACC_000545
KS070,keynote,BHARTIARTL,2.0,SELL,,ACC_000545
RG004,other,GPTINFRA,533.0,BUY,,ACC_000355
RG004,other,SHRIRAMFIN,38.0,SELL,,ACC_000355
RG004,other,HDFCBANK,52.0,SELL,Total EXIT,ACC_000355
RG004,other,SPANDANA,99.0,BUY,,ACC_000355
RG004,other,PNB,175.0,BUY,,ACC_000355
RG004,other,RECLTD,1.0,BUY,,ACC_000355
RG004,other,BANKBARODA,25.0,BUY,,ACC_000355
RG004,other,PFC,70.0,BUY,,ACC_000355
RG004,other,BHARTIARTL,29.0,SELL,,ACC_000355
MP071,keynote,DEEPAKFERT,46.0,SELL,,ACC_000539
MP071,keynote,GPTHEALTH,475.0,SELL,,ACC_000539
MP071,keynote,AXISBANK,16.0,SELL,,ACC_000539
MP071,keynote,GPTINFRA,24.0,BUY,,ACC_000539
MP071,keynote,KPIGREEN,22.0,SELL,,ACC_000539
MP071,keynote,PYRAMID,145.0,SELL,,ACC_000539
MP071,keynote,BBL,6.0,SELL,,ACC_000539
MP071,keynote,SPANDANA,63.0,SELL,,ACC_000539
MG042,keynote,VEDL,76.0,BUY,,ACC_000335
MG042,keynote,SHRIRAMFIN,65.0,BUY,,ACC_000335
MG042,keynote,RECLTD,57.0,BUY,,ACC_000335
MG042,keynote,DEEPAKFERT,7.0,SELL,,ACC_000335
MG042,keynote,AXISBANK,5.0,SELL,,ACC_000335
MG042,keynote,GPTINFRA,5347.0,SELL,,ACC_000335
MG042,keynote,KPIGREEN,26.0,BUY,,ACC_000335
MG042,keynote,MANGCHEFER,35.0,BUY,,ACC_000335
MG042,keynote,BBL,1.0,SELL,,ACC_000335
MG042,keynote,SPANDANA,137.0,BUY,,ACC_000335
MG042,keynote,PNB,214.0,BUY,,ACC_000335
MG042,keynote,VHLTD,1670.0,BUY,,ACC_000335
MG042,keynote,LIQUIDBEES,164.0,SELL,Total EXIT,ACC_000335
MG042,keynote,BHARTIARTL,8.0,BUY,,ACC_000335
MG042,keynote,GPTHEALTH,38.0,BUY,,ACC_000335
MG042,keynote,PYRAMID,67.0,BUY,,ACC_000335
MG042,keynote,BANKBARODA,75.0,BUY,,ACC_000335
MG042,keynote,PFC,66.0,BUY,,ACC_000335
RS701,other,DEEPAKFERT,137.0,SELL,,ACC_000543
RS701,other,GPTHEALTH,201.0,SELL,,ACC_000543
RS701,other,AXISBANK,14.0,SELL,,ACC_000543
RS701,other,VEDL,25.0,SELL,,ACC_000543
RS701,other,GPTINFRA,116.0,BUY,,ACC_000543
RS701,other,KPIGREEN,18.0,SELL,,ACC_000543
RS701,other,PYRAMID,151.0,SELL,,ACC_000543
RS701,other,MANGCHEFER,151.0,SELL,,ACC_000543
RS701,other,BBL,6.0,SELL,,ACC_000543
RS701,other,SPANDANA,51.0,SELL,,ACC_000543
RS701,other,VHLTD,1508.0,BUY,Total ENTRY,ACC_000543
DS071,keynote,GPTINFRA,22.0,BUY,,ACC_000402
DS071,keynote,SHRIRAMFIN,32.0,BUY,,ACC_000402
DS071,keynote,SPANDANA,88.0,SELL,,ACC_000402
DS071,keynote,PNB,66.0,BUY,,ACC_000402
DS071,keynote,RECLTD,32.0,BUY,,ACC_000402
DS071,keynote,LIQUIDBEES,1.0,SELL,Total EXIT,ACC_000402
DS071,keynote,BANKBARODA,7.0,BUY,,ACC_000402
DS071,keynote,PFC,36.0,BUY,,ACC_000402
SC001,finflo,GPTINFRA,249.0,BUY,,ACC_000369
SC001,finflo,SHRIRAMFIN,17.0,BUY,,ACC_000369
SC001,finflo,SPANDANA,93.0,SELL,,ACC_000369
SC001,finflo,PNB,9.0,BUY,,ACC_000369
SC001,finflo,RECLTD,14.0,BUY,,ACC_000369
SC001,finflo,BANKBARODA,11.0,SELL,,ACC_000369
SC001,finflo,PFC,16.0,BUY,,ACC_000369
SC001,finflo,BHARTIARTL,2.0,SELL,,ACC_000369
SV050,keynote,DEEPAKFERT,78.0,SELL,,ACC_000374
SV050,keynote,GPTHEALTH,307.0,SELL,,ACC_000374
SV050,keynote,AXISBANK,94.0,BUY,Total ENTRY,ACC_000374
SV050,keynote,VEDL,13.0,BUY,,ACC_000374
SV050,keynote,GPTINFRA,53.0,SELL,,ACC_000374
SV050,keynote,KPIGREEN,15.0,BUY,,ACC_000374
SV050,keynote,PYRAMID,206.0,SELL,,ACC_000374
SV050,keynote,MANGCHEFER,92.0,SELL,,ACC_000374
SV050,keynote,BBL,2.0,SELL,,ACC_000374
SV050,keynote,SPANDANA,78.0,SELL,,ACC_000374
SV050,keynote,VHLTD,1516.0,BUY,Total ENTRY,ACC_000374
SV050,keynote,LIQUIDBEES,52.0,SELL,Total EXIT,ACC_000374
MN025,keynote,VEDL,116.0,BUY,,ACC_000309
MN025,keynote,SHRIRAMFIN,238.0,SELL,,ACC_000309
MN025,keynote,RECLTD,49.0,BUY,,ACC_000309
MN025,keynote,DEEPAKFERT,34.0,SELL,,ACC_000309
MN025,keynote,AXISBANK,16.0,SELL,,ACC_000309
MN025,keynote,GPTINFRA,67.0,SELL,,ACC_000309
MN025,keynote,KPIGREEN,20.0,BUY,,ACC_000309
MN025,keynote,MANGCHEFER,346.0,SELL,,ACC_000309
MN025,keynote,BBL,23.0,BUY,,ACC_000309
MN025,keynote,SPANDANA,261.0,SELL,,ACC_000309
MN025,keynote,PNB,112.0,BUY,,ACC_000309
MN025,keynote,VHLTD,2048.0,BUY,Total ENTRY,ACC_000309
MN025,keynote,LIQUIDBEES,137.0,SELL,Total EXIT,ACC_000309
MN025,keynote,BHARTIARTL,35.0,BUY,,ACC_000309
MN025,keynote,GPTHEALTH,67.0,BUY,,ACC_000309
MN025,keynote,PYRAMID,278.0,SELL,,ACC_000309
MN025,keynote,BANKBARODA,18.0,BUY,,ACC_000309
MN025,keynote,PFC,54.0,BUY,,ACC_000309
DK047,keynote,DEEPAKFERT,56.0,SELL,,ACC_000531
DK047,keynote,GPTHEALTH,65.0,BUY,,ACC_000531
DK047,keynote,AXISBANK,16.0,SELL,,ACC_000531
DK047,keynote,VEDL,16.0,SELL,,ACC_000531
DK047,keynote,GPTINFRA,169.0,BUY,,ACC_000531
DK047,keynote,KPIGREEN,13.0,SELL,,ACC_000531
DK047,keynote,PYRAMID,47.0,SELL,,ACC_000531
DK047,keynote,MANGCHEFER,103.0,SELL,,ACC_000531
DK047,keynote,BBL,7.0,SELL,,ACC_000531
DK047,keynote,SPANDANA,242.0,SELL,,ACC_000531
DK047,keynote,VHLTD,1495.0,BUY,Total ENTRY,ACC_000531
DS073,keynote,GPTINFRA,125.0,BUY,,ACC_000401
DS073,keynote,SHRIRAMFIN,25.0,BUY,,ACC_000401
DS073,keynote,SPANDANA,135.0,SELL,,ACC_000401
DS073,keynote,PNB,85.0,BUY,,ACC_000401
DS073,keynote,RECLTD,29.0,BUY,,ACC_000401
DS073,keynote,LIQUIDBEES,6.0,SELL,Total EXIT,ACC_000401
DS073,keynote,BANKBARODA,24.0,BUY,,ACC_000401
DS073,keynote,PFC,31.0,BUY,,ACC_000401
DS073,keynote,BHARTIARTL,1.0,SELL,,ACC_000401
JD023,keynote,DEEPAKFERT,193.0,BUY,Total ENTRY,ACC_000371
JD023,keynote,GPTHEALTH,299.0,SELL,,ACC_000371
JD023,keynote,AXISBANK,12.0,SELL,,ACC_000371
JD023,keynote,VEDL,1.0,SELL,Total EXIT,ACC_000371
JD023,keynote,KPIGREEN,1.0,BUY,,ACC_000371
JD023,keynote,GPTINFRA,158.0,SELL,,ACC_000371
JD023,keynote,PYRAMID,197.0,SELL,,ACC_000371
JD023,keynote,BBL,3.0,SELL,,ACC_000371
JD023,keynote,SPANDANA,164.0,SELL,,ACC_000371
JD023,keynote,VHLTD,910.0,SELL,Total EXIT,ACC_000371
JD023,keynote,LIQUIDBEES,47.0,SELL,Total EXIT,ACC_000371
MP070,keynote,DEEPAKFERT,101.0,SELL,,ACC_000359
MP070,keynote,GPTHEALTH,171.0,SELL,,ACC_000359
MP070,keynote,AXISBANK,63.0,SELL,,ACC_000359
MP070,keynote,VEDL,495.0,BUY,Total ENTRY,ACC_000359
MP070,keynote,GPTINFRA,186.0,BUY,,ACC_000359
MP070,keynote,KPIGREEN,71.0,SELL,,ACC_000359
MP070,keynote,PYRAMID,451.0,SELL,,ACC_000359
MP070,keynote,MANGCHEFER,903.0,BUY,Total ENTRY,ACC_000359
MP070,keynote,BBL,15.0,SELL,,ACC_000359
MP070,keynote,SPANDANA,219.0,SELL,,ACC_000359
MP070,keynote,VHLTD,458.0,BUY,,ACC_000359
MP070,keynote,LIQUIDBEES,219.0,SELL,Total EXIT,ACC_000359
RG008,other,DEEPAKFERT,283.0,SELL,Total EXIT,ACC_000399
RG008,other,TATAPOWER,243.0,SELL,Total EXIT,ACC_000399
RG008,other,GPTINFRA,1839.0,BUY,Total ENTRY,ACC_000399
RG008,other,SHRIRAMFIN,24.0,SELL,,ACC_000399
RG008,other,SPANDANA,657.0,BUY,Total ENTRY,ACC_000399
RG008,other,PNB,824.0,BUY,Total ENTRY,ACC_000399
RG008,other,HINDALCO,147.0,SELL,Total EXIT,ACC_000399
RG008,other,RECLTD,195.0,BUY,Total ENTRY,ACC_000399
RG008,other,BANKBARODA,81.0,SELL,,ACC_000399
RG008,other,PFC,202.0,BUY,Total ENTRY,ACC_000399
RG008,other,BHARTIARTL,24.0,SELL,,ACC_000399
RG008,other,TATAMOTORS,96.0,SELL,Total EXIT,ACC_000399
KM032,keynote,GPTINFRA,1025.0,BUY,Total ENTRY,ACC_000392
KM032,keynote,SHRIRAMFIN,9.0,BUY,,ACC_000392
KM032,keynote,SPANDANA,53.0,SELL,,ACC_000392
KM032,keynote,PNB,6.0,BUY,,ACC_000392
KM032,keynote,RECLTD,8.0,BUY,,ACC_000392
KM032,keynote,LIQUIDBEES,71.0,SELL,Total EXIT,ACC_000392
KM032,keynote,BANKBARODA,5.0,SELL,,ACC_000392
KM032,keynote,PFC,9.0,BUY,,ACC_000392
KM032,keynote,BHARTIARTL,1.0,SELL,,ACC_000392
PS091,keynote,GPTINFRA,5.0,SELL,,ACC_000354
PS091,keynote,SHRIRAMFIN,31.0,BUY,,ACC_000354
PS091,keynote,SPANDANA,222.0,SELL,,ACC_000354
PS091,keynote,PNB,57.0,BUY,,ACC_000354
PS091,keynote,RECLTD,30.0,BUY,,ACC_000354
PS091,keynote,VHLTD,172.0,SELL,Total EXIT,ACC_000354
PS091,keynote,LIQUIDBEES,19.0,SELL,Total EXIT,ACC_000354
PS091,keynote,BANKBARODA,493.0,BUY,Total ENTRY,ACC_000354
PS091,keynote,PFC,34.0,BUY,,ACC_000354
PS091,keynote,BHARTIARTL,2.0,SELL,,ACC_000354
KM003,finflo,DEEPAKFERT,89.0,SELL,,ACC_000400
KM003,finflo,GPTHEALTH,376.0,SELL,,ACC_000400
KM003,finflo,AXISBANK,14.0,SELL,,ACC_000400
KM003,finflo,VEDL,79.0,BUY,,ACC_000400
KM003,finflo,GPTINFRA,153.0,SELL,,ACC_000400
KM003,finflo,KPIGREEN,7.0,BUY,,ACC_000400
KM003,finflo,PYRAMID,1215.0,BUY,Total ENTRY,ACC_000400
KM003,finflo,MANGCHEFER,291.0,SELL,,ACC_000400
KM003,finflo,BBL,3.0,SELL,,ACC_000400
KM003,finflo,SPANDANA,230.0,SELL,,ACC_000400
KM003,finflo,VHLTD,1555.0,BUY,Total ENTRY,ACC_000400
SG104,keynote,DEEPAKFERT,94.0,SELL,,ACC_000362
SG104,keynote,GPTHEALTH,319.0,SELL,,ACC_000362
SG104,keynote,AXISBANK,102.0,BUY,Total ENTRY,ACC_000362
SG104,keynote,GPTINFRA,160.0,SELL,,ACC_000362
SG104,keynote,KPIGREEN,8.0,BUY,,ACC_000362
SG104,keynote,PYRAMID,262.0,SELL,,ACC_000362
SG104,keynote,BBL,3.0,SELL,,ACC_000362
SG104,keynote,SPANDANA,241.0,SELL,,ACC_000362
SG104,keynote,LIQUIDBEES,4.0,SELL,Total EXIT,ACC_000362
RN001,other,VEDL,200.0,BUY,,ACC_000340
RN001,other,SHRIRAMFIN,205.0,SELL,Total EXIT,ACC_000340
RN001,other,RECLTD,243.0,SELL,Total EXIT,ACC_000340
RN001,other,DEEPAKFERT,84.0,SELL,,ACC_000340
RN001,other,AXISBANK,43.0,SELL,,ACC_000340
RN001,other,GPTINFRA,399.0,BUY,,ACC_000340
RN001,other,KPIGREEN,99.0,BUY,,ACC_000340
RN001,other,HDFCBANK,61.0,SELL,Total EXIT,ACC_000340
RN001,other,BANKBARODA,206.0,SELL,Total EXIT,ACC_000340
RN001,other,MANGCHEFER,1080.0,SELL,,ACC_000340
RN001,other,BBL,16.0,BUY,,ACC_000340
RN001,other,SPANDANA,1106.0,BUY,,ACC_000340
RN001,other,PNB,1186.0,SELL,Total EXIT,ACC_000340
RN001,other,VHLTD,1786.0,BUY,Total ENTRY,ACC_000340
RN001,other,BHARTIARTL,80.0,SELL,Total EXIT,ACC_000340
RN001,other,GPTHEALTH,2273.0,BUY,Total ENTRY,ACC_000340
RN001,other,PYRAMID,383.0,BUY,,ACC_000340
RN001,other,GICRE,113.0,SELL,Total EXIT,ACC_000340
RN001,other,IMFA,300.0,SELL,Total EXIT,ACC_000340
RN001,other,MANAPPURAM,160.0,SELL,Total EXIT,ACC_000340
RN001,other,PFC,261.0,SELL,Total EXIT,ACC_000340
KM002,finflo,DEEPAKFERT,96.0,SELL,,ACC_000398
KM002,finflo,GPTHEALTH,414.0,SELL,,ACC_000398
KM002,finflo,AXISBANK,16.0,SELL,,ACC_000398
KM002,finflo,GPTINFRA,190.0,SELL,,ACC_000398
KM002,finflo,KPIGREEN,6.0,BUY,,ACC_000398
KM002,finflo,PYRAMID,1281.0,BUY,Total ENTRY,ACC_000398
KM002,finflo,BBL,3.0,SELL,,ACC_000398
KM002,finflo,SPANDANA,203.0,SELL,,ACC_000398
KM002,finflo,LIQUIDBEES,104.0,SELL,Total EXIT,ACC_000398
ST079,keynote,GPTINFRA,2461.0,SELL,,ACC_000387
ST079,keynote,SHRIRAMFIN,72.0,BUY,Total ENTRY,ACC_000387
ST079,keynote,SPANDANA,351.0,BUY,Total ENTRY,ACC_000387
ST079,keynote,PNB,441.0,BUY,Total ENTRY,ACC_000387
ST079,keynote,RECLTD,45.0,SELL,,ACC_000387
ST079,keynote,BANKBARODA,177.0,BUY,Total ENTRY,ACC_000387
ST079,keynote,PFC,108.0,BUY,Total ENTRY,ACC_000387
ST079,keynote,BHARTIARTL,23.0,BUY,Total ENTRY,ACC_000387
PS001,finflo,GPTINFRA,147.0,BUY,,ACC_000353
PS001,finflo,SHRIRAMFIN,1.0,BUY,,ACC_000353
PS001,finflo,SPANDANA,47.0,BUY,,ACC_000353
PS001,finflo,PNB,464.0,BUY,Total ENTRY,ACC_000353
PS001,finflo,RECLTD,24.0,BUY,,ACC_000353
PS001,finflo,LIQUIDBEES,4.0,SELL,Total EXIT,ACC_000353
PS001,finflo,BANKBARODA,156.0,SELL,,ACC_000353
PS001,finflo,PFC,22.0,BUY,,ACC_000353
PS001,finflo,BHARTIARTL,4.0,SELL,,ACC_000353
TJ001,other,DEEPAKFERT,35.0,SELL,,ACC_000311
TJ001,other,GPTHEALTH,2110.0,BUY,Total ENTRY,ACC_000311
TJ001,other,AXISBANK,103.0,BUY,Total ENTRY,ACC_000311
TJ001,other,VEDL,412.0,SELL,Total EXIT,ACC_000311
TJ001,other,GPTINFRA,114.0,BUY,,ACC_000311
TJ001,other,BAJFINANCE,13.0,SELL,Total EXIT,ACC_000311
TJ001,other,KPIGREEN,321.0,BUY,Total ENTRY,ACC_000311
TJ001,other,PYRAMID,1296.0,BUY,Total ENTRY,ACC_000311
TJ001,other,SHRIRAMFIN,175.0,SELL,Total EXIT,ACC_000311
TJ001,other,HDFCBANK,50.0,SELL,Total EXIT,ACC_000311
TJ001,other,SPANDANA,332.0,SELL,,ACC_000311
TJ001,other,PNB,1312.0,SELL,Total EXIT,ACC_000311
TJ001,other,RECLTD,206.0,SELL,Total EXIT,ACC_000311
TJ001,other,BBL,41.0,BUY,Total ENTRY,ACC_000311
TJ001,other,BANKBARODA,393.0,SELL,Total EXIT,ACC_000311
TJ001,other,PFC,188.0,SELL,Total EXIT,ACC_000311
TJ001,other,BHARTIARTL,77.0,SELL,Total EXIT,ACC_000311
RG007,other,GPTINFRA,301.0,BUY,,ACC_000391
RG007,other,SHRIRAMFIN,18.0,SELL,,ACC_000391
RG007,other,HDFCBANK,34.0,SELL,Total EXIT,ACC_000391
RG007,other,SPANDANA,39.0,BUY,,ACC_000391
RG007,other,PNB,118.0,BUY,,ACC_000391
RG007,other,RECLTD,9.0,BUY,,ACC_000391
RG007,other,BANKBARODA,17.0,BUY,,ACC_000391
RG007,other,PFC,40.0,BUY,,ACC_000391
RG007,other,BHARTIARTL,15.0,SELL,,ACC_000391
AG063,keynote,VEDL,136.0,BUY,,ACC_000338
AG063,keynote,SHRIRAMFIN,55.0,BUY,,ACC_000338
AG063,keynote,RECLTD,54.0,BUY,,ACC_000338
AG063,keynote,DEEPAKFERT,182.0,SELL,,ACC_000338
AG063,keynote,AXISBANK,92.0,SELL,,ACC_000338
AG063,keynote,GPTINFRA,182.0,SELL,,ACC_000338
AG063,keynote,KPIGREEN,17.0,BUY,,ACC_000338
AG063,keynote,MANGCHEFER,459.0,SELL,,ACC_000338
AG063,keynote,BBL,3.0,SELL,,ACC_000338
AG063,keynote,SPANDANA,158.0,SELL,,ACC_000338
AG063,keynote,PNB,109.0,BUY,,ACC_000338
AG063,keynote,VHLTD,2553.0,BUY,Total ENTRY,ACC_000338
AG063,keynote,LIQUIDBEES,354.0,SELL,Total EXIT,ACC_000338
AG063,keynote,BHARTIARTL,1.0,BUY,,ACC_000338
AG063,keynote,GPTHEALTH,2967.0,BUY,,ACC_000338
AG063,keynote,PYRAMID,385.0,SELL,,ACC_000338
AG063,keynote,BANKBARODA,10.0,BUY,,ACC_000338
AG063,keynote,PFC,60.0,BUY,,ACC_000338
RC038,keynote,GPTINFRA,134.0,BUY,,ACC_000536
RC038,keynote,SHRIRAMFIN,14.0,BUY,,ACC_000536
RC038,keynote,SPANDANA,657.0,BUY,Total ENTRY,ACC_000536
RC038,keynote,PNB,17.0,SELL,,ACC_000536
RC038,keynote,RECLTD,3.0,SELL,,ACC_000536
RC038,keynote,BANKBARODA,330.0,BUY,Total ENTRY,ACC_000536
RC038,keynote,PFC,3.0,BUY,,ACC_000536
RC038,keynote,BHARTIARTL,2.0,SELL,,ACC_000536
KS001,other,VEDL,749.0,BUY,,ACC_000310
KS001,other,SHRIRAMFIN,23.0,BUY,,ACC_000310
KS001,other,RECLTD,168.0,SELL,,ACC_000310
KS001,other,DEEPAKFERT,1004.0,SELL,,ACC_000310
KS001,other,AXISBANK,71.0,SELL,,ACC_000310
KS001,other,GPTINFRA,1102.0,SELL,,ACC_000310
KS001,other,KPIGREEN,478.0,BUY,,ACC_000310
KS001,other,MANGCHEFER,1970.0,SELL,,ACC_000310
KS001,other,BBL,16.0,SELL,,ACC_000310
KS001,other,SPANDANA,427.0,SELL,,ACC_000310
KS001,other,PNB,2895.0,BUY,Total ENTRY,ACC_000310
KS001,other,VHLTD,195.0,SELL,,ACC_000310
KS001,other,BHARTIARTL,114.0,SELL,,ACC_000310
KS001,other,GPTHEALTH,4622.0,BUY,Total ENTRY,ACC_000310
KS001,other,PYRAMID,439.0,BUY,,ACC_000310
KS001,other,GICRE,223.0,SELL,Total EXIT,ACC_000310
KS001,other,IMFA,196.0,SELL,Total EXIT,ACC_000310
KS001,other,BANKBARODA,1162.0,BUY,Total ENTRY,ACC_000310
KS001,other,PFC,83.0,SELL,,ACC_000310
NT001,other,VEDL,406.0,BUY,Total ENTRY,ACC_000339
NT001,other,SHRIRAMFIN,335.0,SELL,Total EXIT,ACC_000339
NT001,other,RECLTD,245.0,SELL,Total EXIT,ACC_000339
NT001,other,TATAMOTORS,168.0,SELL,Total EXIT,ACC_000339
NT001,other,DEEPAKFERT,58.0,SELL,,ACC_000339
NT001,other,AXISBANK,153.0,SELL,,ACC_000339
NT001,other,KPIGREEN,29.0,BUY,,ACC_000339
NT001,other,GPTINFRA,3408.0,BUY,Total ENTRY,ACC_000339
NT001,other,HINDALCO,226.0,SELL,Total EXIT,ACC_000339
NT001,other,CIPLA,82.0,SELL,Total EXIT,ACC_000339
NT001,other,MANGCHEFER,742.0,BUY,Total ENTRY,ACC_000339
NT001,other,BPCL,7.0,SELL,Total EXIT,ACC_000339
NT001,other,BBL,6.0,SELL,,ACC_000339
NT001,other,GANDHAR,203.0,SELL,Total EXIT,ACC_000339
NT001,other,SPANDANA,795.0,BUY,,ACC_000339
NT001,other,VHLTD,1440.0,BUY,Total ENTRY,ACC_000339
NT001,other,BHARTIARTL,109.0,SELL,Total EXIT,ACC_000339
NT001,other,GPTHEALTH,1833.0,BUY,Total ENTRY,ACC_000339
NT001,other,PYRAMID,279.0,SELL,,ACC_000339
NT001,other,BAJFINANCE,15.0,SELL,Total EXIT,ACC_000339
NT001,other,GICRE,115.0,SELL,Total EXIT,ACC_000339
NT001,other,LIQUID,1.0,SELL,Total EXIT,ACC_000339
NT001,other,IMFA,384.0,SELL,Total EXIT,ACC_000339
NT001,other,EMSLIMITED,53.0,SELL,Total EXIT,ACC_000339
SP138,keynote,GPTINFRA,1.0,SELL,,ACC_000393
SP138,keynote,SHRIRAMFIN,22.0,BUY,,ACC_000393
SP138,keynote,SPANDANA,71.0,SELL,,ACC_000393
SP138,keynote,PNB,41.0,BUY,,ACC_000393
SP138,keynote,RECLTD,21.0,BUY,,ACC_000393
SP138,keynote,LIQUIDBEES,58.0,SELL,Total EXIT,ACC_000393
SP138,keynote,BANKBARODA,344.0,BUY,Total ENTRY,ACC_000393
SP138,keynote,PFC,24.0,BUY,,ACC_000393
PK001,finflo,GPTINFRA,51.0,SELL,,ACC_000347
PK001,finflo,SHRIRAMFIN,20.0,BUY,,ACC_000347
PK001,finflo,SPANDANA,94.0,SELL,,ACC_000347
PK001,finflo,PNB,22.0,BUY,,ACC_000347
PK001,finflo,RECLTD,85.0,BUY,,ACC_000347
PK001,finflo,PFC,21.0,BUY,,ACC_000347
PK001,finflo,BHARTIARTL,1.0,SELL,,ACC_000347
MDK705 - MM5525,zerodha,VEDL,988.0,BUY,,JACC_000012
MDK705 - MM5525,zerodha,SHRIRAMFIN,209.0,BUY,,JACC_000012
MDK705 - MM5525,zerodha,RECLTD,38.0,BUY,,JACC_000012
MDK705 - MM5525,zerodha,DEEPAKFERT,540.0,SELL,,JACC_000012
MDK705 - MM5525,zerodha,KPEL,405.0,SELL,Total EXIT,JACC_000012
MDK705 - MM5525,zerodha,AXISBANK,87.0,SELL,,JACC_000012
MDK705 - MM5525,zerodha,GPTINFRA,711.0,SELL,,JACC_000012
MDK705 - MM5525,zerodha,KPIGREEN,127.0,BUY,,JACC_000012
MDK705 - MM5525,zerodha,MANGCHEFER,2679.0,SELL,,JACC_000012
MDK705 - MM5525,zerodha,BBL,14.0,SELL,,JACC_000012
MDK705 - MM5525,zerodha,SPANDANA,1060.0,SELL,,JACC_000012
MDK705 - MM5525,zerodha,PNB,413.0,BUY,,JACC_000012
MDK705 - MM5525,zerodha,VHLTD,2609.0,BUY,,JACC_000012
MDK705 - MM5525,zerodha,BHARTIARTL,3.0,BUY,,JACC_000012
MDK705 - MM5525,zerodha,GPTHEALTH,7423.0,BUY,,JACC_000012
MDK705 - MM5525,zerodha,PYRAMID,2123.0,BUY,,JACC_000012
MDK705 - MM5525,zerodha,BANKBARODA,35.0,BUY,,JACC_000012
MDK705 - MM5525,zerodha,PFC,231.0,BUY,,JACC_000012
HK019 - LK012,keynote,VEDL,103.0,BUY,,JACC_000017
HK019 - LK012,keynote,SHRIRAMFIN,42.0,BUY,,JACC_000017
HK019 - LK012,keynote,RECLTD,41.0,BUY,,JACC_000017
HK019 - LK012,keynote,DEEPAKFERT,4.0,SELL,,JACC_000017
HK019 - LK012,keynote,AXISBANK,17.0,SELL,,JACC_000017
HK019 - LK012,keynote,GPTINFRA,141.0,SELL,,JACC_000017
HK019 - LK012,keynote,KPIGREEN,13.0,BUY,,JACC_000017
HK019 - LK012,keynote,MANGCHEFER,350.0,SELL,,JACC_000017
HK019 - LK012,keynote,BBL,3.0,SELL,,JACC_000017
HK019 - LK012,keynote,SPANDANA,121.0,SELL,,JACC_000017
HK019 - LK012,keynote,PNB,82.0,BUY,,JACC_000017
HK019 - LK012,keynote,VHLTD,1944.0,BUY,Total ENTRY,JACC_000017
HK019 - LK012,keynote,LIQUIDBEES,177.0,SELL,Total EXIT,JACC_000017
HK019 - LK012,keynote,BHARTIARTL,4.0,BUY,,JACC_000017
HK019 - LK012,keynote,GPTHEALTH,10.0,BUY,,JACC_000017
HK019 - LK012,keynote,PYRAMID,294.0,SELL,,JACC_000017
HK019 - LK012,keynote,BANKBARODA,7.0,BUY,,JACC_000017
HK019 - LK012,keynote,PFC,46.0,BUY,,JACC_000017
RG001 - RG005,other,VEDL,182.0,BUY,,JACC_000016
RG001 - RG005,other,SHRIRAMFIN,97.0,SELL,,JACC_000016
RG001 - RG005,other,RECLTD,96.0,SELL,,JACC_000016
RG001 - RG005,other,DEEPAKFERT,62.0,SELL,,JACC_000016
RG001 - RG005,other,KPEL,84.0,SELL,Total EXIT,JACC_000016
RG001 - RG005,other,AXISBANK,16.0,SELL,,JACC_000016
RG001 - RG005,other,GPTINFRA,2487.0,BUY,,JACC_000016
RG001 - RG005,other,KPIGREEN,161.0,BUY,,JACC_000016
RG001 - RG005,other,HDFCBANK,78.0,SELL,Total EXIT,JACC_000016
RG001 - RG005,other,MANGCHEFER,2473.0,SELL,,JACC_000016
RG001 - RG005,other,BBL,23.0,BUY,,JACC_000016
RG001 - RG005,other,SPANDANA,503.0,BUY,,JACC_000016
RG001 - RG005,other,PNB,494.0,BUY,,JACC_000016
RG001 - RG005,other,VHLTD,1950.0,BUY,Total ENTRY,JACC_000016
RG001 - RG005,other,BHARTIARTL,62.0,SELL,,JACC_000016
RG001 - RG005,other,GPTHEALTH,136.0,SELL,,JACC_000016
RG001 - RG005,other,PYRAMID,96.0,BUY,,JACC_000016
RG001 - RG005,other,GICRE,125.0,SELL,Total EXIT,JACC_000016
RG001 - RG005,other,IMFA,348.0,SELL,Total EXIT,JACC_000016
RG001 - RG005,other,BANKBARODA,46.0,BUY,,JACC_000016
RG001 - RG005,other,PFC,87.0,BUY,,JACC_000016
BJ018 - RJ040 - RJ111,keynote,VEDL,93.0,BUY,,JACC_000014
BJ018 - RJ040 - RJ111,keynote,SHRIRAMFIN,38.0,BUY,,JACC_000014
BJ018 - RJ040 - RJ111,keynote,RECLTD,38.0,BUY,,JACC_000014
BJ018 - RJ040 - RJ111,keynote,DEEPAKFERT,94.0,SELL,,JACC_000014
BJ018 - RJ040 - RJ111,keynote,AXISBANK,14.0,SELL,,JACC_000014
BJ018 - RJ040 - RJ111,keynote,GPTINFRA,111.0,SELL,,JACC_000014
BJ018 - RJ040 - RJ111,keynote,KPIGREEN,13.0,BUY,,JACC_000014
BJ018 - RJ040 - RJ111,keynote,MANGCHEFER,309.0,SELL,,JACC_000014
BJ018 - RJ040 - RJ111,keynote,BBL,2.0,SELL,,JACC_000014
BJ018 - RJ040 - RJ111,keynote,SPANDANA,103.0,SELL,,JACC_000014
BJ018 - RJ040 - RJ111,keynote,PNB,78.0,BUY,,JACC_000014
BJ018 - RJ040 - RJ111,keynote,VHLTD,1736.0,BUY,Total ENTRY,JACC_000014
BJ018 - RJ040 - RJ111,keynote,LIQUIDBEES,390.0,SELL,Total EXIT,JACC_000014
BJ018 - RJ040 - RJ111,keynote,BHARTIARTL,1.0,BUY,,JACC_000014
BJ018 - RJ040 - RJ111,keynote,GPTHEALTH,2224.0,BUY,Total ENTRY,JACC_000014
BJ018 - RJ040 - RJ111,keynote,PYRAMID,257.0,SELL,,JACC_000014
BJ018 - RJ040 - RJ111,keynote,BANKBARODA,8.0,BUY,,JACC_000014
BJ018 - RJ040 - RJ111,keynote,PFC,42.0,BUY,,JACC_000014
JC555 - LC555 - RC555,keynote,VEDL,544.0,BUY,,JACC_000015
JC555 - LC555 - RC555,keynote,SHRIRAMFIN,248.0,BUY,,JACC_000015
JC555 - LC555 - RC555,keynote,RECLTD,335.0,BUY,,JACC_000015
JC555 - LC555 - RC555,keynote,DEEPAKFERT,234.0,BUY,,JACC_000015
JC555 - LC555 - RC555,keynote,AXISBANK,96.0,BUY,,JACC_000015
JC555 - LC555 - RC555,keynote,GPTINFRA,3142.0,BUY,,JACC_000015
JC555 - LC555 - RC555,keynote,KPIGREEN,164.0,BUY,,JACC_000015
JC555 - LC555 - RC555,keynote,MANGCHEFER,385.0,BUY,,JACC_000015
JC555 - LC555 - RC555,keynote,BBL,30.0,BUY,,JACC_000015
JC555 - LC555 - RC555,keynote,SPANDANA,835.0,BUY,,JACC_000015
JC555 - LC555 - RC555,keynote,PNB,1309.0,BUY,,JACC_000015
JC555 - LC555 - RC555,keynote,VHLTD,3713.0,BUY,Total ENTRY,JACC_000015
JC555 - LC555 - RC555,keynote,LIQUIDBEES,147.0,SELL,Total EXIT,JACC_000015
JC555 - LC555 - RC555,keynote,BHARTIARTL,66.0,BUY,,JACC_000015
JC555 - LC555 - RC555,keynote,GPTHEALTH,2030.0,BUY,,JACC_000015
JC555 - LC555 - RC555,keynote,PYRAMID,1450.0,BUY,,JACC_000015
JC555 - LC555 - RC555,keynote,BANKBARODA,540.0,BUY,,JACC_000015
JC555 - LC555 - RC555,keynote,PFC,351.0,BUY,,JACC_000015
SG102 - SG103,keynote,VEDL,120.0,BUY,,JACC_000013
SG102 - SG103,keynote,SHRIRAMFIN,48.0,BUY,,JACC_000013
SG102 - SG103,keynote,RECLTD,45.0,BUY,,JACC_000013
SG102 - SG103,keynote,DEEPAKFERT,143.0,SELL,,JACC_000013
SG102 - SG103,keynote,AXISBANK,24.0,SELL,,JACC_000013
SG102 - SG103,keynote,GPTINFRA,4883.0,BUY,,JACC_000013
SG102 - SG103,keynote,KPIGREEN,9.0,BUY,,JACC_000013
SG102 - SG103,keynote,MANGCHEFER,467.0,SELL,,JACC_000013
SG102 - SG103,keynote,BBL,4.0,SELL,,JACC_000013
SG102 - SG103,keynote,SPANDANA,179.0,SELL,,JACC_000013
SG102 - SG103,keynote,PNB,74.0,BUY,,JACC_000013
SG102 - SG103,keynote,VHLTD,463.0,SELL,,JACC_000013
SG102 - SG103,keynote,LIQUIDBEES,720.0,SELL,Total EXIT,JACC_000013
SG102 - SG103,keynote,BHARTIARTL,1.0,SELL,,JACC_000013
SG102 - SG103,keynote,GPTHEALTH,2831.0,BUY,,JACC_000013
SG102 - SG103,keynote,PYRAMID,802.0,SELL,,JACC_000013
SG102 - SG103,keynote,BANKBARODA,4.0,SELL,,JACC_000013
SG102 - SG103,keynote,PFC,51.0,BUY,,JACC_000013
FS7741 - GB2876 - RXU639,zerodha,VEDL,255.0,BUY,,JACC_000011
FS7741 - GB2876 - RXU639,zerodha,SHRIRAMFIN,54.0,BUY,,JACC_000011
FS7741 - GB2876 - RXU639,zerodha,RECLTD,56.0,BUY,,JACC_000011
FS7741 - GB2876 - RXU639,zerodha,DEEPAKFERT,120.0,SELL,,JACC_000011
FS7741 - GB2876 - RXU639,zerodha,AXISBANK,18.0,SELL,,JACC_000011
FS7741 - GB2876 - RXU639,zerodha,GPTINFRA,1671.0,SELL,,JACC_000011
FS7741 - GB2876 - RXU639,zerodha,KPIGREEN,23.0,BUY,,JACC_000011
FS7741 - GB2876 - RXU639,zerodha,MANGCHEFER,395.0,SELL,,JACC_000011
FS7741 - GB2876 - RXU639,zerodha,BBL,3.0,SELL,,JACC_000011
FS7741 - GB2876 - RXU639,zerodha,SPANDANA,119.0,SELL,,JACC_000011
FS7741 - GB2876 - RXU639,zerodha,PNB,129.0,BUY,,JACC_000011
FS7741 - GB2876 - RXU639,zerodha,VHLTD,1933.0,BUY,,JACC_000011
FS7741 - GB2876 - RXU639,zerodha,LIQUIDBEES,21.0,SELL,Total EXIT,JACC_000011
FS7741 - GB2876 - RXU639,zerodha,BHARTIARTL,3.0,BUY,,JACC_000011
FS7741 - GB2876 - RXU639,zerodha,GPTHEALTH,215.0,SELL,,JACC_000011
FS7741 - GB2876 - RXU639,zerodha,PYRAMID,444.0,BUY,,JACC_000011
FS7741 - GB2876 - RXU639,zerodha,BANKBARODA,21.0,BUY,,JACC_000011
FS7741 - GB2876 - RXU639,zerodha,PFC,62.0,BUY,,JACC_000011
